{
	"width" : 640,
	"height" : 480,
	"intrinsic_matrix" :
	[616.5322265625, 0, 0, 0, 616.58984375, 0, 323.4304504394531, 233.87391662597656, 1]
}
